<?xml version="1.0" encoding="UTF-8"?>
<!DOCTYPE tiles-definitions 
PUBLIC "-//Apache Software Foundation//DTD Tiles Configuration 3.0//EN" 
"http://tiles.apache.org/dtds/tiles-config_3_0.dtd">        
<tiles-definitions>  

	<definition name="login" template="/WEB-INF/pages/login/login.jsp"></definition> 
	
	<definition name="base.admin.definition" template="/WEB-INF/pages/admin/layout.jsp">
		<put-attribute name="title" value="" />
		<put-attribute name="menu" value="/WEB-INF/pages/admin/menu.jsp" />
		<put-attribute name="body" value="" />
		<put-attribute name="footer" value="/WEB-INF/pages/admin/footer.jsp" />
		<put-attribute name="menuselection" value="home" />
	</definition>
	
	<definition name="commanDashboardTiles" extends="base.admin.definition">
		<put-attribute name="title" value="Admin Home" />
		<put-attribute name="body" value="/WEB-INF/pages/Dashboard/commonDashboard.jsp" />
		<put-attribute name="menuselection" value="home" />
	</definition>

<definition name="ARM_SECTION_MASTER_tile" extends="base.admin.definition">
<put-attribute name="title" value="Admin Home" />
<put-attribute name="body" value="/WEB-INF/pages/Officer/Master/ARM_SECTION_MASTER.jsp" />
<put-attribute name="menuselection" value="home" />
</definition>
	
	<definition name="exampleTiles" extends="base.admin.definition">
		<put-attribute name="title" value="Admin Home" />
		<put-attribute name="body" value="/WEB-INF/pages/admin/example.jsp" />
		<put-attribute name="menuselection" value="home" />
	</definition>
	
	<definition name="myProfileTiles" extends="base.admin.definition">
		<put-attribute name="title" value="Admin Home" />
		<put-attribute name="body" value="/WEB-INF/pages/MY_ACCOUNT/my_profile.jsp" />
		<put-attribute name="menuselection" value="home" />
	</definition>
	<definition name="changePasswordTile" extends="base.admin.definition">
		<put-attribute name="title" value="Admin Home" />
		<put-attribute name="body" value="/WEB-INF/pages/MY_ACCOUNT/changepassword.jsp" />
		<put-attribute name="menuselection" value="home" />
	</definition>
	<definition name="handingTakingOverTiles" extends="base.admin.definition">
		<put-attribute name="title" value="Admin Home" />
		<put-attribute name="body" value="/WEB-INF/pages/MY_ACCOUNT/handingTakingOver.jsp" />
		<put-attribute name="menuselection" value="home" />
	</definition> 
		
	<!-- Start Dynamic Menu  -->
	<definition name="role_mstTiles" extends="base.admin.definition">
		<put-attribute name="title" value="Admin Home" />
		<put-attribute name="body" value="/WEB-INF/pages/RBAC/mst_role.jsp" />
		<put-attribute name="menuselection" value="home" />
	</definition>
	<definition name="user_mstTiles" extends="base.admin.definition">
		<put-attribute name="title" value="Admin Home" />
		<put-attribute name="body" value="/WEB-INF/pages/RBAC/user_mst.jsp" />
		<put-attribute name="menuselection" value="home" />
	</definition>
	
	<definition name="module_mstTiles" extends="base.admin.definition">
		<put-attribute name="title" value="Admin Home" />
		<put-attribute name="body" value="/WEB-INF/pages/RBAC/module_mst.jsp" />
		<put-attribute name="menuselection" value="home" />
	</definition> 
	<definition name="sub_module_mstTiles" extends="base.admin.definition">
		<put-attribute name="title" value="Admin Home" />
		<put-attribute name="body" value="/WEB-INF/pages/RBAC/sub_module_mst.jsp" />
		<put-attribute name="menuselection" value="home" />
	</definition>
	<definition name="screen_mstTiles" extends="base.admin.definition">
		<put-attribute name="title" value="Admin Home" />
		<put-attribute name="body" value="/WEB-INF/pages/RBAC/screen_mst.jsp" />
		<put-attribute name="menuselection" value="home" />
	</definition> 
	<definition name="roleTiles" extends="base.admin.definition">
		<put-attribute name="title" value="Admin Home" />
		<put-attribute name="body" value="/WEB-INF/pages/RBAC/roleMstnew.jsp" />
		<put-attribute name="menuselection" value="home" />
	</definition>
	<definition name="AccessTiles" extends="base.admin.definition">
		<put-attribute name="title" value="Admin Home" />
		<put-attribute name="body" value="/WEB-INF/pages/error/Access.jsp" />
		<put-attribute name="menuselection" value="home" />
	</definition>
	<definition name="Edit_user_mstTiles" extends="base.admin.definition">
		<put-attribute name="title" value="Admin Home" />
		<put-attribute name="body" value="/WEB-INF/pages/RBAC/edit_user_mst.jsp" />
		<put-attribute name="menuselection" value="home" />
	</definition> 
	<definition name="user_statusTiles" extends="base.admin.definition">
		<put-attribute name="title" value="Admin Home" />
		<put-attribute name="body" value="/WEB-INF/pages/RBAC/user_status.jsp" />
		<put-attribute name="menuselection" value="home" />
	</definition> 
	
	<definition name="status_of_inactive_user_reportTiles" extends="base.admin.definition">
		<put-attribute name="title" value="Admin Home" />
		<put-attribute name="body" value="/WEB-INF/pages/RBAC/status_of_inactive_user_report.jsp" />
		<put-attribute name="menuselection" value="home" />
	</definition> 
	
	<definition name="search_user_mstTiles" extends="base.admin.definition">
		<put-attribute name="title" value="Admin Home" />
		<put-attribute name="body" value="/WEB-INF/pages/RBAC/search_user_mst.jsp" />
		<put-attribute name="menuselection" value="home" />
	</definition>
<!--End Dynamic Menu  -->
	
<!-- Strat Error Pages -->
	<definition name="400" extends="base.admin.definition">
		<put-attribute name="title" value="Admin Home" />
		<put-attribute name="body" value="/WEB-INF/pages/error/400.jsp" />
		<put-attribute name="menuselection" value="home" />
	</definition>
	<definition name="404" extends="base.admin.definition">
		<put-attribute name="title" value="Admin Home" />
		<put-attribute name="body" value="/WEB-INF/pages/error/404.jsp" />
		<put-attribute name="menuselection" value="home" />
	</definition>
	<definition name="405" extends="base.admin.definition">
		<put-attribute name="title" value="Admin Home" />
		<put-attribute name="body" value="/WEB-INF/pages/error/405.jsp" />
		<put-attribute name="menuselection" value="home" />
	</definition>
	<definition name="500" extends="base.admin.definition">
		<put-attribute name="title" value="Admin Home" />
		<put-attribute name="body" value="/WEB-INF/pages/error/500.jsp" />
		<put-attribute name="menuselection" value="home" />
	</definition>
	<definition name="505" extends="base.admin.definition">
		<put-attribute name="title" value="Admin Home" />
		<put-attribute name="body" value="/WEB-INF/pages/error/505.jsp" />
		<put-attribute name="menuselection" value="home" />
	</definition>
<!-- End Error Pages -->

<!-- start Dashboard Tile -->
	
	
	<definition name="superDashboardTiles" extends="base.admin.definition">
		<put-attribute name="title" value="Admin Home" />
		<put-attribute name="body" value="/WEB-INF/pages/Dashboard/super_Dashboard.jsp" />
		<put-attribute name="menuselection" value="home" />
	</definition>
<!-- end Dashboard tiles -->
	
<!-- help desk -->
	<definition name="HelpDashTiles" extends="base.admin.definition">
		<put-attribute name="title" value="Admin Home" />
		<put-attribute name="body" value="/WEB-INF/pages/Dashboard/helpDeskDash/HelpDash.jsp" />
		<put-attribute name="menuselection" value="home" />
	</definition>
	<definition name="helpTiles" extends="base.admin.definition">
		<put-attribute name="title" value="Admin Home" />
		<put-attribute name="body" value="/WEB-INF/pages/helpDesk/help.jsp" />
		<put-attribute name="menuselection" value="home" />
	</definition>
	<definition name="myticketTiles" extends="base.admin.definition">
		<put-attribute name="title" value="Admin Home" />
		<put-attribute name="body" value="/WEB-INF/pages/helpDesk/myticket.jsp" />
		<put-attribute name="menuselection" value="home" />
	</definition>
	
	<definition name="manageticketTiles" extends="base.admin.definition">
		<put-attribute name="title" value="Admin Home" />
		<put-attribute name="body" value="/WEB-INF/pages/helpDesk/manageticket.jsp" />
		<put-attribute name="menuselection" value="home" />
	</definition>
	
 	<definition name="user_managementTiles" extends="base.admin.definition">
		<put-attribute name="title" value="Admin Home" />
		<put-attribute name="body" value="/WEB-INF/pages/helpDesk/user_management.jsp" />
		<put-attribute name="menuselection" value="home" />
	</definition>
	<definition name="faqinsertTiles" extends="base.admin.definition">
		<put-attribute name="title" value="Admin Home" />
		<put-attribute name="body" value="/WEB-INF/pages/helpDesk/faqinsert.jsp" />
		<put-attribute name="menuselection" value="home" />
	</definition>
	<definition name="searchfaqTiles" extends="base.admin.definition">
		<put-attribute name="title" value="Admin Home" />
		<put-attribute name="body" value="/WEB-INF/pages/helpDesk/searchfaq.jsp" />
		<put-attribute name="menuselection" value="home" />
	</definition>
	<definition name="faqTiles" extends="base.admin.definition">
		<put-attribute name="title" value="Admin Home" />
		<put-attribute name="body" value="/WEB-INF/pages/helpDesk/faq.jsp" />
		<put-attribute name="menuselection" value="home" />
	</definition>
	<definition name="Edit_faqTiles" extends="base.admin.definition">
		<put-attribute name="title" value="Admin Home" />
		<put-attribute name="body" value="/WEB-INF/pages/helpDesk/Edit_faq.jsp" />
		<put-attribute name="menuselection" value="home" />
	</definition>
	<definition name="user_ticketTiles" extends="base.admin.definition">
		<put-attribute name="title" value="Admin Home" />
		<put-attribute name="body" value="/WEB-INF/pages/helpDesk/user_ticket.jsp" />
		<put-attribute name="menuselection" value="home" />
	</definition>
	<definition name="viewticketTiles" extends="base.admin.definition">
		<put-attribute name="title" value="Admin Home" />
		<put-attribute name="body" value="/WEB-INF/pages/helpDesk/view_ticket.jsp" />
		<put-attribute name="menuselection" value="home" />
	</definition>
	
	<definition name="marqueeTiles" extends="base.admin.definition">
		<put-attribute name="title" value="Admin Home" />
		<put-attribute name="body" value="/WEB-INF/pages/login/marquee.jsp" />
		<put-attribute name="menuselection" value="home" />
	</definition>
	<definition name="UserCreatedTiles" template="/WEB-INF/pages/Dashboard/helpDeskDash/UserCreated.jsp"></definition>
	<definition name="RoleUrlTiles" template="/WEB-INF/pages/Dashboard/helpDeskDash/RoleUrl.jsp"></definition>
	<definition name="LoggedInUsersTiles" template="/WEB-INF/pages/Dashboard/helpDeskDash/LoggedInUsers.jsp"></definition>
	<definition name="TicketStatusNewTiles" template="/WEB-INF/pages/Dashboard/helpDeskDash/TicketStatus.jsp"></definition>
	<definition name="TicketStatusInProgressTiles" template="/WEB-INF/pages/Dashboard/helpDeskDash/TicketStatus.jsp"></definition>
	<definition name="TicketStatusCompletedTiles" template="/WEB-INF/pages/Dashboard/helpDeskDash/TicketStatus.jsp"></definition>
	<definition name="HelpTopicFeedbackTiles" template="/WEB-INF/pages/Dashboard/helpDeskDash/HelpTopicStatus.jsp"></definition>
	<definition name="HelpTopicFeatureRequestTiles" template="/WEB-INF/pages/Dashboard/helpDeskDash/HelpTopicStatus.jsp"></definition>
<!-- help desk end-->

<!-- officer masters-->
<definition name="Command_code_master_tile" extends="base.admin.definition">
<put-attribute name="title" value="Admin Home" />
<put-attribute name="body" value="/WEB-INF/pages/Officer/Master/command_code_master.jsp" />
<put-attribute name="menuselection" value="home" />
</definition>


<definition name="EditCommand_code_master_tile" extends="base.admin.definition">
<put-attribute name="title" value="Admin Home" />
<put-attribute name="body" value="/WEB-INF/pages/Officer/Master/Editcommand_code_master.jsp" />
<put-attribute name="menuselection" value="home" />
</definition>

<definition name="Commission_type_master_tile" extends="base.admin.definition">
<put-attribute name="title" value="Admin Home" />
<put-attribute name="body" value="/WEB-INF/pages/Officer/Master/commission_type_master.jsp" />
<put-attribute name="menuselection" value="home" />
</definition>

<definition name="EditCommission_type_master_tile" extends="base.admin.definition">
<put-attribute name="title" value="Admin Home" />
<put-attribute name="body" value="/WEB-INF/pages/Officer/Master/Editcommission_type_master.jsp" />
<put-attribute name="menuselection" value="home" />
</definition>

<definition name="Rank_code_master_tile" extends="base.admin.definition">
<put-attribute name="title" value="Admin Home" />
<put-attribute name="body" value="/WEB-INF/pages/Officer/Master/rank_code_master.jsp" />
<put-attribute name="menuselection" value="home" />
</definition>

<definition name="EditRank_code_master_tile" extends="base.admin.definition">
<put-attribute name="title" value="Admin Home" />
<put-attribute name="body" value="/WEB-INF/pages/Officer/Master/Editrank_code_master.jsp" />
<put-attribute name="menuselection" value="home" />
</definition>




<definition name="EditARM_SECTION_MASTER_tile" extends="base.admin.definition">
<put-attribute name="title" value="Admin Home" />
<put-attribute name="body" value="/WEB-INF/pages/Officer/Master/EditARM_SECTION_MASTER.jsp" />
<put-attribute name="menuselection" value="home" />
</definition>


<definition name="EXAMINATION_NAME_MASTER_tile" extends="base.admin.definition">
<put-attribute name="title" value="Admin Home" />
<put-attribute name="body" value="/WEB-INF/pages/Officer/Master/EXAMINATION_NAME_MASTER.jsp" />
<put-attribute name="menuselection" value="home" />
</definition>

<definition name="EditEXAMINATION_NAME_MASTER_tile" extends="base.admin.definition">
<put-attribute name="title" value="Admin Home" />
<put-attribute name="body" value="/WEB-INF/pages/Officer/Master/EditEXAMINATION_NAME_MASTER.jsp" />
<put-attribute name="menuselection" value="home" />
</definition>

<definition name="JC_COURSE_DETAILS_tile" extends="base.admin.definition">
<put-attribute name="title" value="Admin Home" />
<put-attribute name="body" value="/WEB-INF/pages/Officer/Master/JC_COURSE_DETAILS.jsp" />
<put-attribute name="menuselection" value="home" />
</definition>

<definition name="EditJC_COURSE_DETAILS_tile" extends="base.admin.definition">
<put-attribute name="title" value="Admin Home" />
<put-attribute name="body" value="/WEB-INF/pages/Officer/Master/EditJC_COURSE_DETAILS.jsp" />
<put-attribute name="menuselection" value="home" />
</definition>

<definition name="Officer_personal_details_tile" extends="base.admin.definition">
<put-attribute name="title" value="Admin Home" />
<put-attribute name="body" value="/WEB-INF/pages/Officer/Master/officer_personal_details.jsp" />
<put-attribute name="menuselection" value="home" />
</definition>

<definition name="SearchOfficer_personal_details_tile" extends="base.admin.definition">
<put-attribute name="title" value="Admin Home" />
<put-attribute name="body" value="/WEB-INF/pages/Officer/Master/Searchofficer_personal_details.jsp" />
<put-attribute name="menuselection" value="home" />
</definition>

<definition name="EditOfficer_personal_details_tile" extends="base.admin.definition">
<put-attribute name="title" value="Admin Home" />
<put-attribute name="body" value="/WEB-INF/pages/Officer/Master/Editofficer_personal_details.jsp" />
<put-attribute name="menuselection" value="home" />
</definition>



<definition name="SubjectmasterTile" extends="base.admin.definition">
<put-attribute name="title" value="Admin Home" />
<put-attribute name="body" value="/WEB-INF/pages/Officer/Master/Subject_master.jsp" />
<put-attribute name="menuselection" value="home" />
</definition>


<definition name="EditSubjectmasterTile" extends="base.admin.definition">
<put-attribute name="title" value="Admin Home" />
<put-attribute name="body" value="/WEB-INF/pages/Officer/Master/EditSubjectMaster.jsp" />
<put-attribute name="menuselection" value="home" />
</definition>




<definition name="officer_pers_status_tile" extends="base.admin.definition">
<put-attribute name="title" value="Admin Home" />
<put-attribute name="body" value="/WEB-INF/pages/Officer/Master/Officer_personal_status.jsp" />
<put-attribute name="menuselection" value="home" />
</definition>


<definition name="SearchSubjectmasterTile" extends="base.admin.definition">
<put-attribute name="title" value="Admin Home" />
<put-attribute name="body" value="/WEB-INF/pages/Officer/Master/Search_SubjectMst.jsp" />
<put-attribute name="menuselection" value="home" />
</definition>



<definition name="SubSubjectMstmasterTile" extends="base.admin.definition">
<put-attribute name="title" value="Admin Home" />
<put-attribute name="body" value="/WEB-INF/pages/Officer/Master/SubSubjectMst.jsp" />
<put-attribute name="menuselection" value="home" />
</definition>


<definition name="SearchSubSubjectMstmasterTile" extends="base.admin.definition">
<put-attribute name="title" value="Admin Home" />
<put-attribute name="body" value="/WEB-INF/pages/Officer/Master/SearchSubSubject.jsp" />
<put-attribute name="menuselection" value="home" />
</definition>


<definition name="EditSubSubjectmasterTile" extends="base.admin.definition">
<put-attribute name="title" value="Admin Home" />
<put-attribute name="body" value="/WEB-INF/pages/Officer/Master/EditSubSubjectMst.jsp" />
<put-attribute name="menuselection" value="home" />
</definition>

<!-- end master -->

<!-- start transaction -->
<definition name="Dssc_compens_chance_tile" extends="base.admin.definition">
<put-attribute name="title" value="Admin Home" />
<put-attribute name="body" value="/WEB-INF/pages/Officer/Transaction/insert/dssc_compens_chance.jsp" />
<put-attribute name="menuselection" value="home" />
</definition>


<definition name="SearchDssc_compens_chance_tile" extends="base.admin.definition">
<put-attribute name="title" value="Admin Home" />
<put-attribute name="body" value="/WEB-INF/pages/Officer/Transaction/search/Searchdssc_compens_chance.jsp" />
<put-attribute name="menuselection" value="home" />
</definition>


<definition name="EditDssc_compens_chance_tile" extends="base.admin.definition">
<put-attribute name="title" value="Admin Home" />
<put-attribute name="body" value="/WEB-INF/pages/Officer/Transaction/edit/Editdssc_compens_chance.jsp" />
<put-attribute name="menuselection" value="home" />
</definition>


<definition name="Examination_centre_tile" extends="base.admin.definition">
<put-attribute name="title" value="Admin Home" />
<put-attribute name="body" value="/WEB-INF/pages/Officer/Transaction/insert/examination_centre.jsp" />
<put-attribute name="menuselection" value="home" />
</definition>

<definition name="SearchExamination_centre_tile" extends="base.admin.definition">
<put-attribute name="title" value="Admin Home" />
<put-attribute name="body" value="/WEB-INF/pages/Officer/Transaction/search/Searchexamination_centre.jsp" />
<put-attribute name="menuselection" value="home" />
</definition>

<definition name="EditExamination_centre_tile" extends="base.admin.definition">
<put-attribute name="title" value="Admin Home" />
<put-attribute name="body" value="/WEB-INF/pages/Officer/Transaction/edit/Editexamination_centre.jsp" />
<put-attribute name="menuselection" value="home" />
</definition>


<definition name="Marks_entry_tile" extends="base.admin.definition">
<put-attribute name="title" value="Admin Home" />
<put-attribute name="body" value="/WEB-INF/pages/Officer/Transaction/insert/marks_entry.jsp" />
<put-attribute name="menuselection" value="home" />
</definition>

<definition name="SearchMarks_entry_tile" extends="base.admin.definition">
<put-attribute name="title" value="Admin Home" />
<put-attribute name="body" value="/WEB-INF/pages/Officer/Transaction/search/Searchmarks_entry.jsp" />
<put-attribute name="menuselection" value="home" />
</definition>

<definition name="EditMarks_entry_tile" extends="base.admin.definition">
<put-attribute name="title" value="Admin Home" />
<put-attribute name="body" value="/WEB-INF/pages/Officer/Transaction/edit/Editmarks_entry.jsp" />
<put-attribute name="menuselection" value="home" />
</definition>


<definition name="Partbd_compens_chance_tile" extends="base.admin.definition">
<put-attribute name="title" value="Admin Home" />
<put-attribute name="body" value="/WEB-INF/pages/Officer/Transaction/insert/partbd_compens_chance.jsp" />
<put-attribute name="menuselection" value="home" />
</definition>

<definition name="SearchPartbd_compens_chance_tile" extends="base.admin.definition">
<put-attribute name="title" value="Admin Home" />
<put-attribute name="body" value="/WEB-INF/pages/Officer/Transaction/search/Searchpartbd_compens_chance.jsp" />
<put-attribute name="menuselection" value="home" />
</definition>

<definition name="EditPartbd_compens_chance_tile" extends="base.admin.definition">
<put-attribute name="title" value="Admin Home" />
<put-attribute name="body" value="/WEB-INF/pages/Officer/Transaction/edit/Editpartbd_compens_chance.jsp" />
<put-attribute name="menuselection" value="home" />
</definition>


<definition name="Unfair_means_tile" extends="base.admin.definition">
<put-attribute name="title" value="Admin Home" />
<put-attribute name="body" value="/WEB-INF/pages/Officer/Transaction/insert/unfair_means.jsp" />
<put-attribute name="menuselection" value="home" />
</definition>

<definition name="SearchUnfair_means_tile" extends="base.admin.definition">
<put-attribute name="title" value="Admin Home" />
<put-attribute name="body" value="/WEB-INF/pages/Officer/Transaction/search/Searchunfair_means.jsp" />
<put-attribute name="menuselection" value="home" />
</definition>

<definition name="EditUnfair_means_tile" extends="base.admin.definition">
<put-attribute name="title" value="Admin Home" />
<put-attribute name="body" value="/WEB-INF/pages/Officer/Transaction/edit/Editunfair_means.jsp" />
<put-attribute name="menuselection" value="home" />
</definition>

<definition name="Dssc_tsoc_application_tile" extends="base.admin.definition">
<put-attribute name="title" value="Admin Home" />
<put-attribute name="body" value="/WEB-INF/pages/Officer/Transaction/insert/dssc_tsoc_application.jsp" />
<put-attribute name="menuselection" value="home" />
</definition>

<definition name="SearchDssc_tsoc_application_tile" extends="base.admin.definition">
<put-attribute name="title" value="Admin Home" />
<put-attribute name="body" value="/WEB-INF/pages/Officer/Transaction/search/Searchdssc_tsoc_application.jsp" />
<put-attribute name="menuselection" value="home" />
</definition>

<definition name="EditDssc_tsoc_application_tile" extends="base.admin.definition">
<put-attribute name="title" value="Admin Home" />
<put-attribute name="body" value="/WEB-INF/pages/Officer/Transaction/edit/Editdssc_tsoc_application.jsp" />
<put-attribute name="menuselection" value="home" />
</definition>

<!-- end transaction -->
<!-- other  -->

<definition name="Part_b_examination_tile" extends="base.admin.definition">
<put-attribute name="title" value="Admin Home" />
<put-attribute name="body" value="/WEB-INF/pages/Officer/Other/part_b_examination.jsp" />
<put-attribute name="menuselection" value="home" />
</definition>


<definition name="Part_d_examination_tile" extends="base.admin.definition">
<put-attribute name="title" value="Admin Home" />
<put-attribute name="body" value="/WEB-INF/pages/Officer/Other/part_d_examination.jsp" />
<put-attribute name="menuselection" value="home" />
</definition>

<definition name="ACR_marks_tile" extends="base.admin.definition">
<put-attribute name="title" value="Admin Home" />
<put-attribute name="body" value="/WEB-INF/pages/Officer/Other/acr_marks_entry.jsp" />
<put-attribute name="menuselection" value="home" />
</definition>



<definition name="exam_schedule_dscc_tile" extends="base.admin.definition">
<put-attribute name="title" value="Admin Home" />
<put-attribute name="body" value="/WEB-INF/pages/Officer/Other/exam_schedule_dscc.jsp" />
<put-attribute name="menuselection" value="home" />
</definition>

<definition name="exam_schedule_part_d_tiles" extends="base.admin.definition">
<put-attribute name="title" value="Admin Home" />
<put-attribute name="body" value="/WEB-INF/pages/Officer/Other/exam_schedule_part_d.jsp" />
<put-attribute name="menuselection" value="home" />
</definition>

<definition name="exam_center_tiles" extends="base.admin.definition">
<put-attribute name="title" value="Admin Home" />
<put-attribute name="body" value="/WEB-INF/pages/Officer/Other/Exam_center.jsp" />
<put-attribute name="menuselection" value="home" />
</definition>

<definition name="jc_course_tiles" extends="base.admin.definition">
<put-attribute name="title" value="Admin Home" />
<put-attribute name="body" value="/WEB-INF/pages/Officer/Other/JC_Course.jsp" />
<put-attribute name="menuselection" value="home" />
</definition>

<definition name="Generate_booklet_tiles" extends="base.admin.definition">
<put-attribute name="title" value="Admin Home" />
<put-attribute name="body" value="/WEB-INF/pages/Officer/Other/Generate_booklate.jsp" />
<put-attribute name="menuselection" value="home" />
</definition>

<definition name="Generate_booklet_partd_tiles" extends="base.admin.definition">
<put-attribute name="title" value="Admin Home" />
<put-attribute name="body" value="/WEB-INF/pages/Officer/Other/Generate_boolet_part_d.jsp" />
<put-attribute name="menuselection" value="home" />
</definition>

<definition name="Generate_booklet_dscc_tiles" extends="base.admin.definition">
<put-attribute name="title" value="Admin Home" />
<put-attribute name="body" value="/WEB-INF/pages/Officer/Other/Generate_booklet_dscc.jsp" />
<put-attribute name="menuselection" value="home" />
</definition>

<definition name="Generate_nominationtiles" extends="base.admin.definition">
<put-attribute name="title" value="Admin Home" />
<put-attribute name="body" value="/WEB-INF/pages/Officer/Other/Generate_nomination.jsp" />
<put-attribute name="menuselection" value="home" />
</definition>


<definition name="Exmschedukelockunlocktiles" extends="base.admin.definition">
<put-attribute name="title" value="Admin Home" />
<put-attribute name="body" value="/WEB-INF/pages/Officer/Other/Exm_schedule_lk_unlk.jsp" />
<put-attribute name="menuselection" value="home" />
</definition>

<definition name="Resultwithheldtiles" extends="base.admin.definition">
<put-attribute name="title" value="Admin Home" />
<put-attribute name="body" value="/WEB-INF/pages/Officer/Other/Result_withheld.jsp" />
<put-attribute name="menuselection" value="home" />
</definition>

<definition name="Generate_admitcardtiles" extends="base.admin.definition">
<put-attribute name="title" value="Admin Home" />
<put-attribute name="body" value="/WEB-INF/pages/Officer/Other/Generate_admitcard.jsp" />
<put-attribute name="menuselection" value="home" />
</definition>


<definition name="Process_results_tile" extends="base.admin.definition">
<put-attribute name="title" value="Admin Home" />
<put-attribute name="body" value="/WEB-INF/pages/Officer/Other/process_results.jsp" />
<put-attribute name="menuselection" value="home" />
</definition>


<definition name="SearchPartBexm_tile" extends="base.admin.definition">
<put-attribute name="title" value="Admin Home" />
<put-attribute name="body" value="/WEB-INF/pages/Officer/Other/SearchPartBApplication.jsp" />
<put-attribute name="menuselection" value="home" />
</definition>


<definition name="SearchPartDexm_tile" extends="base.admin.definition">
<put-attribute name="title" value="Admin Home" />
<put-attribute name="body" value="/WEB-INF/pages/Officer/Other/SearchPartdApplication.jsp" />
<put-attribute name="menuselection" value="home" />
</definition>



<definition name="Searchwithdraw_tile" extends="base.admin.definition">
<put-attribute name="title" value="Admin Home" />
<put-attribute name="body" value="/WEB-INF/pages/Officer/Transaction/search/Searchwithdraw.jsp" />
<put-attribute name="menuselection" value="home" />
</definition>


<definition name="withdrawdssctsoc_tile" extends="base.admin.definition">
<put-attribute name="title" value="Admin Home" />
<put-attribute name="body" value="/WEB-INF/pages/Officer/Transaction/insert/Withdrawdssc_tsoc.jsp" />
<put-attribute name="menuselection" value="home" />
</definition>


<definition name="ExportPartB_tile" extends="base.admin.definition">
<put-attribute name="title" value="Admin Home" />
<put-attribute name="body" value="/WEB-INF/pages/Officer/Transaction/insert/Exportpartb.jsp" />
<put-attribute name="menuselection" value="home" />
</definition>



<definition name="ExportPartD_tile" extends="base.admin.definition">
<put-attribute name="title" value="Admin Home" />
<put-attribute name="body" value="/WEB-INF/pages/Officer/Transaction/insert/ExportPartD.jsp" />
<put-attribute name="menuselection" value="home" />
</definition>


<definition name="PartD_marks_tile" extends="base.admin.definition">
<put-attribute name="title" value="Admin Home" />
<put-attribute name="body" value="/WEB-INF/pages/Officer/Other/PartD_marks.jsp" />
<put-attribute name="menuselection" value="home" />
</definition>



<definition name="PartB_marks_tile" extends="base.admin.definition">
<put-attribute name="title" value="Admin Home" />
<put-attribute name="body" value="/WEB-INF/pages/Officer/Other/PartB_marks.jsp" />
<put-attribute name="menuselection" value="home" />
</definition>


<definition name="ADDPartD_marks_tile" extends="base.admin.definition">
<put-attribute name="title" value="Admin Home" />
<put-attribute name="body" value="/WEB-INF/pages/Officer/Other/Add_partd_marks.jsp" />
<put-attribute name="menuselection" value="home" />
</definition>


<definition name="ADDPartB_marks_tile" extends="base.admin.definition">
<put-attribute name="title" value="Admin Home" />
<put-attribute name="body" value="/WEB-INF/pages/Officer/Other/ADD_PARTB_MARKS.jsp" />
<put-attribute name="menuselection" value="home" />
</definition>
<!-- other end -->

<definition name="PartBReport_tiles" extends="base.admin.definition">
<put-attribute name="title" value="Admin Home" />
<put-attribute name="body" value="/WEB-INF/pages/Officer/Report/PartB_report.jsp" />
<put-attribute name="menuselection" value="home" />
</definition>


<definition name="UpdatepersNo_tiles" extends="base.admin.definition">
<put-attribute name="title" value="Admin Home" />
<put-attribute name="body" value="/WEB-INF/pages/Officer/Administrator/SearchUpdateoldPersno.jsp" />
<put-attribute name="menuselection" value="home" />
</definition>


<definition name="AdddpersNo_tiles" extends="base.admin.definition">
<put-attribute name="title" value="Admin Home" />
<put-attribute name="body" value="/WEB-INF/pages/Officer/Administrator/SearchUpdateoldPersno.jsp" />
<put-attribute name="menuselection" value="home" />
</definition>


<definition name="AuditLogtiles" extends="base.admin.definition">
<put-attribute name="title" value="Admin Home" />
<put-attribute name="body" value="/WEB-INF/pages/Officer/Administrator/AuditLog.jsp" />
<put-attribute name="menuselection" value="home" />
</definition>


<definition name="PartDReport_tiles" extends="base.admin.definition">
<put-attribute name="title" value="Admin Home" />
<put-attribute name="body" value="/WEB-INF/pages/Officer/Report/PartD_Report.jsp" />
<put-attribute name="menuselection" value="home" />
</definition>


<definition name="UploadCandidateTiles" extends="base.admin.definition">
		<put-attribute name="title" value="Admin Home" />
		<put-attribute name="body" value="/WEB-INF/pages/Officer/excel/UploadCandidateDetails.jsp" />
		<put-attribute name="menuselection" value="home" />
	</definition>
	
	
<definition name="ChoiceMasterTiles" extends="base.admin.definition">
	<put-attribute name="title" value="Admin Home" />
	<put-attribute name="body" value="/WEB-INF/pages/Officer/Master/Choice_Master.jsp" />
	<put-attribute name="menuselection" value="home" />
</definition>


<definition name="EditChoiceMasterTiles" extends="base.admin.definition">
	<put-attribute name="title" value="Admin Home" />
	<put-attribute name="body" value="/WEB-INF/pages/Officer/Master/EditChoice_Master.jsp" />
	<put-attribute name="menuselection" value="home" />
</definition>

<definition name="AreaMasterTiles" extends="base.admin.definition">
	<put-attribute name="title" value="Admin Home" />
	<put-attribute name="body" value="/WEB-INF/pages/Officer/Master/Area_Master.jsp" />
	<put-attribute name="menuselection" value="home" />
</definition>

<definition name="EditAreaMasterTiles" extends="base.admin.definition">
	<put-attribute name="title" value="Admin Home" />
	<put-attribute name="body" value="/WEB-INF/pages/Officer/Master/EditArea_Master.jsp" />
	<put-attribute name="menuselection" value="home" />
</definition>

<definition name="CpscMasterTiles" extends="base.admin.definition">
	<put-attribute name="title" value="Admin Home" />
	<put-attribute name="body" value="/WEB-INF/pages/Officer/Master/CPSC_MASTER.jsp" />
	<put-attribute name="menuselection" value="home" />
</definition>

<definition name="EditCpscMasterTiles" extends="base.admin.definition">
	<put-attribute name="title" value="Admin Home" />
	<put-attribute name="body" value="/WEB-INF/pages/Officer/Master/EditCPSC_MASTER.jsp" />
	<put-attribute name="menuselection" value="home" />
</definition>
	
<definition name="Search_exam_schedule_dscc_tile" extends="base.admin.definition">
<put-attribute name="title" value="Admin Home" />
<put-attribute name="body" value="/WEB-INF/pages/Officer/Other/Search_examSchedule.jsp" />
<put-attribute name="menuselection" value="home" />
</definition>



<definition name="Edit_exam_schedule_dscc_tile" extends="base.admin.definition">
<put-attribute name="title" value="Admin Home" />
<put-attribute name="body" value="/WEB-INF/pages/Officer/Other/EditExamSchuedule.jsp" />
<put-attribute name="menuselection" value="home" />
</definition>

<definition name="ImportPartBMArks_tile" extends="base.admin.definition">
<put-attribute name="title" value="Admin Home" />
<put-attribute name="body" value="/WEB-INF/pages/Officer/Transaction/insert/Import_PartB_Marks.jsp" />
<put-attribute name="menuselection" value="home" />
</definition>



<definition name="ImportPartDMArks_tile" extends="base.admin.definition">
<put-attribute name="title" value="Admin Home" />
<put-attribute name="body" value="/WEB-INF/pages/Officer/Transaction/insert/Import_PartD_marks.jsp" />
<put-attribute name="menuselection" value="home" />
</definition>


<definition name="EnteryType_tile" extends="base.admin.definition">
<put-attribute name="title" value="Admin Home" />
<put-attribute name="body" value="/WEB-INF/pages/Officer/Master/Entery_Type.jsp" />
<put-attribute name="menuselection" value="home" />
</definition>

<definition name="EditEnteryType_tile" extends="base.admin.definition">
<put-attribute name="title" value="Admin Home" />
<put-attribute name="body" value="/WEB-INF/pages/Officer/Master/EditEnterytype.jsp" />
<put-attribute name="menuselection" value="home" />
</definition>


<definition name="AreaTypeTiles" extends="base.admin.definition">
	<put-attribute name="title" value="Admin Home" />
	<put-attribute name="body" value="/WEB-INF/pages/Officer/Master/Area_Type.jsp" />
	<put-attribute name="menuselection" value="home" />
</definition>

<definition name="EditAreaTypeMasterTiles" extends="base.admin.definition">
	<put-attribute name="title" value="Admin Home" />
	<put-attribute name="body" value="/WEB-INF/pages/Officer/Master/EditArea_Type.jsp" />
	<put-attribute name="menuselection" value="home" />
</definition>

<definition name="GroupMasterTiles" extends="base.admin.definition">
	<put-attribute name="title" value="Admin Home" />
	<put-attribute name="body" value="/WEB-INF/pages/Officer/Master/Group_Master.jsp" />
	<put-attribute name="menuselection" value="home" />
</definition>


<definition name="EditGroupMasterTiles" extends="base.admin.definition">
	<put-attribute name="title" value="Admin Home" />
	<put-attribute name="body" value="/WEB-INF/pages/Officer/Master/EditGroup_Master.jsp" />
	<put-attribute name="menuselection" value="home" />
</definition>


<definition name="EditPartB_Application_tile" extends="base.admin.definition">
<put-attribute name="title" value="Admin Home" />
<put-attribute name="body" value="/WEB-INF/pages/Officer/Other/EditPartB_application.jsp" />
<put-attribute name="menuselection" value="home" />
</definition>

<definition name="EditPartD_Application_tile" extends="base.admin.definition">
<put-attribute name="title" value="Admin Home" />
<put-attribute name="body" value="/WEB-INF/pages/Officer/Other/EditPartDApplication.jsp" />
<put-attribute name="menuselection" value="home" />
</definition>

<definition name="IAST_Case_tile" extends="base.admin.definition">
<put-attribute name="title" value="Admin Home" />
<put-attribute name="body" value="/WEB-INF/pages/Officer/Master/IAST_Case.jsp" />
<put-attribute name="menuselection" value="home" />
</definition>



<definition name="EDIT_IAST_Case_tile" extends="base.admin.definition">
<put-attribute name="title" value="Admin Home" />
<put-attribute name="body" value="/WEB-INF/pages/Officer/Master/EditIASTCASE.jsp" />
<put-attribute name="menuselection" value="home" />
</definition>


<definition name="Upload_IAST_Casesfile_tile" extends="base.admin.definition">
<put-attribute name="title" value="Admin Home" />
<put-attribute name="body" value="/WEB-INF/pages/Officer/Master/Uload_IAST_Casesfile.jsp" />
<put-attribute name="menuselection" value="home" />
</definition>


<definition name="ExportDssc_Tsoc_tile" extends="base.admin.definition">
<put-attribute name="title" value="Admin Home" />
<put-attribute name="body" value="/WEB-INF/pages/Officer/Transaction/insert/Export_DSSC_TSOC.jsp" />
<put-attribute name="menuselection" value="home" />
</definition>



<definition name="PartD_CompenChance_tile" extends="base.admin.definition">
<put-attribute name="title" value="Admin Home" />
<put-attribute name="body" value="/WEB-INF/pages/Officer/Transaction/insert/PartD_compen_chance.jsp" />
<put-attribute name="menuselection" value="home" />
</definition>


<definition name="SearchPartD_CompenChance_tile" extends="base.admin.definition">
<put-attribute name="title" value="Admin Home" />
<put-attribute name="body" value="/WEB-INF/pages/Officer/Transaction/search/Search_PartD_CompensChance.jsp" />
<put-attribute name="menuselection" value="home" />
</definition>


<definition name="PCtoSSOffrs_tile" extends="base.admin.definition">
<put-attribute name="title" value="Admin Home" />
<put-attribute name="body" value="/WEB-INF/pages/Officer/Master/PCtoSSOffrs.jsp" />
<put-attribute name="menuselection" value="home" />
</definition>



<definition name="EDIT_PCtoSSOffrs_tile" extends="base.admin.definition">
<put-attribute name="title" value="Admin Home" />
<put-attribute name="body" value="/WEB-INF/pages/Officer/Master/EditPCtoSS.jsp" />
<put-attribute name="menuselection" value="home" />
</definition>



<definition name="Upload_PCtoSSOffrs_tile" extends="base.admin.definition">
<put-attribute name="title" value="Admin Home" />
<put-attribute name="body" value="/WEB-INF/pages/Officer/Master/UploadPCtoSSOffrsDetails.jsp" />
<put-attribute name="menuselection" value="home" />
</definition>



<definition name="Inactive_candiate_Excel_tile" extends="base.admin.definition">
<put-attribute name="title" value="Admin Home" />
<put-attribute name="body" value="/WEB-INF/pages/Officer/Master/Inactive_candiate_Excel.jsp" />
<put-attribute name="menuselection" value="home" />
</definition>




<definition name="ADD_Inactive_candiate_Excel_tile" extends="base.admin.definition">
<put-attribute name="title" value="Admin Home" />
<put-attribute name="body" value="/WEB-INF/pages/Officer/Master/Add_Inactive_offrs.jsp" />
<put-attribute name="menuselection" value="home" />
</definition>



<definition name="UploadInactive_candiate_Exceltile" extends="base.admin.definition">
<put-attribute name="title" value="Admin Home" />
<put-attribute name="body" value="/WEB-INF/pages/Officer/Master/Upload_Inactive_offrs_excel.jsp" />
<put-attribute name="menuselection" value="home" />
</definition>


<definition name="NTR_NTS_offrs_AMc_tile" extends="base.admin.definition">
<put-attribute name="title" value="Admin Home" />
<put-attribute name="body" value="/WEB-INF/pages/Officer/Master/NTR_NTS_offrs_AMc.jsp" />
<put-attribute name="menuselection" value="home" />
</definition>



<definition name="EditPartB_marks_tile" extends="base.admin.definition">
<put-attribute name="title" value="Admin Home" />
<put-attribute name="body" value="/WEB-INF/pages/Officer/Other/EditPartBmarks.jsp" />
<put-attribute name="menuselection" value="home" />
</definition>




<definition name="EditPartD_marks_tile" extends="base.admin.definition">
<put-attribute name="title" value="Admin Home" />
<put-attribute name="body" value="/WEB-INF/pages/Officer/Other/EditPartDmarks.jsp" />
<put-attribute name="menuselection" value="home" />
</definition>





<definition name="SubjectWiseSectionDetails_tile" extends="base.admin.definition">
<put-attribute name="title" value="Admin Home" />
<put-attribute name="body" value="/WEB-INF/pages/Officer/barcode/SubjectWiseSectionDetails.jsp" />
<put-attribute name="menuselection" value="home" />
</definition>

<definition name="SearchSubjectWiseSectionDetails_tile" extends="base.admin.definition">
<put-attribute name="title" value="Admin Home" />
<put-attribute name="body" value="/WEB-INF/pages/Officer/barcode/SearchSubWiseSecDetails.jsp" />
<put-attribute name="menuselection" value="home" />
</definition>

<definition name="Registrationfileupload_tiles" extends="base.admin.definition">
<put-attribute name="title" value="Admin Home" />
<put-attribute name="body" value="/WEB-INF/pages/Officer/barcode/Registrationfileupload.jsp" />
<put-attribute name="menuselection" value="home" />
</definition>



<definition name="IndexingSetting_tile" extends="base.admin.definition">
<put-attribute name="title" value="Admin Home" />
<put-attribute name="body" value="/WEB-INF/pages/Officer/barcode/IndexingSetting.jsp" />
<put-attribute name="menuselection" value="home" />
</definition>


<definition name="NewPackage_tile" extends="base.admin.definition">
<put-attribute name="title" value="Admin Home" />
<put-attribute name="body" value="/WEB-INF/pages/Officer/barcode/NewPackage.jsp" />
<put-attribute name="menuselection" value="home" />
</definition>



<definition name="RetotalingBarcodetile" extends="base.admin.definition">
<put-attribute name="title" value="Admin Home" />
<put-attribute name="body" value="/WEB-INF/pages/Officer/barcode/Retotalingbarcode.jsp" />
<put-attribute name="menuselection" value="home" />
</definition>



<definition name="Indexing_abEntryTiles" extends="base.admin.definition">
<put-attribute name="title" value="Admin Home" />
<put-attribute name="body" value="/WEB-INF/pages/Officer/barcode/Indexing_abEntry.jsp" />
<put-attribute name="menuselection" value="home" />
</definition>

<definition name="UpdateIndexing_abEntryTiles" extends="base.admin.definition">
<put-attribute name="title" value="Admin Home" />
<put-attribute name="body" value="/WEB-INF/pages/Officer/barcode/UpdateIndexing_abEntry.jsp" />
<put-attribute name="menuselection" value="home" />
</definition>


<definition name="GeneralReport_tiles" extends="base.admin.definition">
<put-attribute name="title" value="Admin Home" />
<put-attribute name="body" value="/WEB-INF/pages/Officer/Report/Genaral_Report.jsp" />
<put-attribute name="menuselection" value="home" />
</definition>


<definition name="Import_DsscOfficerData_tile" extends="base.admin.definition">
<put-attribute name="title" value="Admin Home" />
<put-attribute name="body" value="/WEB-INF/pages/Officer/Transaction/insert/Import_DsscOfficerData.jsp" />
<put-attribute name="menuselection" value="home" />
</definition>


<definition name="SearchResultWithheld_Tiles" extends="base.admin.definition">
<put-attribute name="title" value="Admin Home" />
<put-attribute name="body" value="/WEB-INF/pages/Officer/Other/SearchResultWithheld.jsp"/>
<put-attribute name="menuselection" value="home" />
</definition>



<definition name="IndexSlip_tiles" extends="base.admin.definition">
<put-attribute name="title" value="Admin Home" />
<put-attribute name="body" value="/WEB-INF/pages/Officer/barcode/IndexSlip.jsp" />
<put-attribute name="menuselection" value="home" />
</definition>


<definition name="SearchPackageTiles" extends="base.admin.definition">
<put-attribute name="title" value="Admin Home" />
<put-attribute name="body" value="/WEB-INF/pages/Officer/barcode/SeachPackage.jsp" />
<put-attribute name="menuselection" value="home" />
</definition>


<definition name="Lock/unlockIndexingTiles" extends="base.admin.definition">
<put-attribute name="title" value="Admin Home" />
<put-attribute name="body" value="/WEB-INF/pages/Officer/barcode/lk_unlk_indexing.jsp" />
<put-attribute name="menuselection" value="home" />
</definition>




<definition name="ManageIndexingTiles" extends="base.admin.definition">
<put-attribute name="title" value="Admin Home" />
<put-attribute name="body" value="/WEB-INF/pages/Officer/barcode/ManageIndexing.jsp" />
<put-attribute name="menuselection" value="home" />
</definition>


<definition name="ManageBundleTiles" extends="base.admin.definition">
<put-attribute name="title" value="Admin Home" />
<put-attribute name="body" value="/WEB-INF/pages/Officer/barcode/ManageBundle.jsp" />
<put-attribute name="menuselection" value="home" />
</definition>


<definition name="StickerGenerationTiles" extends="base.admin.definition">
<put-attribute name="title" value="Admin Home" />
<put-attribute name="body" value="/WEB-INF/pages/Officer/barcode/StickerGeneration.jsp" />
<put-attribute name="menuselection" value="home" />
</definition>

<definition name="RegistrationTile" extends="base.admin.definition">
<put-attribute name="title" value="Admin Home" />
<put-attribute name="body" value="/WEB-INF/pages/Officer/Registration/Registration.jsp" />
<put-attribute name="menuselection" value="home" />
</definition>

<definition name="Add_Manual_RegistrationTile" extends="base.admin.definition">
<put-attribute name="title" value="Admin Home" />
<put-attribute name="body" value="/WEB-INF/pages/Officer/Registration/Add_Manual_Registration.jsp" />
<put-attribute name="menuselection" value="home" />
</definition>



<definition name="SupplymntryTile" extends="base.admin.definition">
<put-attribute name="title" value="Admin Home" />
<put-attribute name="body" value="/WEB-INF/pages/Officer/Supplymentry/Supplymntry.jsp" />
<put-attribute name="menuselection" value="home" />
</definition>




<definition name="ManualMarksUploadTiles" extends="base.admin.definition">
<put-attribute name="title" value="Admin Home" />
<put-attribute name="body" value="/WEB-INF/pages/Officer/barcode/ManualMarksUpload.jsp" />
<put-attribute name="menuselection" value="home" />
</definition>


<definition name="VerifyDsscData_tiles" extends="base.admin.definition">
<put-attribute name="title" value="Admin Home" />
<put-attribute name="body" value="/WEB-INF/pages/Officer/Transaction/search/VerifyDsscData.jsp" />
<put-attribute name="menuselection" value="home" />
</definition>



<definition name="ViewDsscOffcrDetails_tiles" extends="base.admin.definition">
<put-attribute name="title" value="Admin Home" />
<put-attribute name="body" value="/WEB-INF/pages/Officer/Transaction/insert/ViewDsscOffcrDetails.jsp" />
<put-attribute name="menuselection" value="home" />
</definition>


<definition name="Regiment_tiles" extends="base.admin.definition">
<put-attribute name="title" value="Admin Home" />
<put-attribute name="body" value="/WEB-INF/pages/Officer/Master/Regiment_Master.jsp" />
<put-attribute name="menuselection" value="home" />
</definition>

<definition name="Edit_Regiment_tiles" extends="base.admin.definition">
<put-attribute name="title" value="Admin Home" />
<put-attribute name="body" value="/WEB-INF/pages/Officer/Master/Edit_Regiment_Master.jsp" />
<put-attribute name="menuselection" value="home" />
</definition>



<definition name="Import_CpscCourse_tiles" extends="base.admin.definition">
<put-attribute name="title" value="Admin Home" />
<put-attribute name="body" value="/WEB-INF/pages/Officer/Course/cpsc_course_import.jsp" />
<put-attribute name="menuselection" value="home" />
</definition>



<definition name="Import_Jc_CourseGrading_tiles" extends="base.admin.definition">
<put-attribute name="title" value="Admin Home" />
<put-attribute name="body" value="/WEB-INF/pages/Officer/Course/JC_Course.jsp" />
<put-attribute name="menuselection" value="home" />
</definition>


<definition name="ImportDsscCompChanceOffcrDetails_tiles" extends="base.admin.definition">
<put-attribute name="title" value="Admin Home" />
<put-attribute name="body" value="/WEB-INF/pages/Officer/Transaction/insert/ImportDsscCompChance.jsp" />
<put-attribute name="menuselection" value="home" />
</definition>

<definition name="EditWithdrawApptiles" extends="base.admin.definition">
<put-attribute name="title" value="Admin Home" />
<put-attribute name="body" value="/WEB-INF/pages/Officer/Transaction/edit/EditWithdrawApp.jsp" />
<put-attribute name="menuselection" value="home" />
</definition>


<definition name="Dssc_result_logic_tiles" extends="base.admin.definition">
<put-attribute name="title" value="Admin Home" />
<put-attribute name="body" value="/WEB-INF/pages/Officer/Course/dssc_result_logic.jsp" />
<put-attribute name="menuselection" value="home" />
</definition>


<!--  jay  -->
<definition name="Merit_search_tiles" extends="base.admin.definition">
<put-attribute name="title" value="Admin Home"/>
<put-attribute name="body" value="/WEB-INF/pages/Officer/Course/Merit_search.jsp"/>
<put-attribute name="menuselection" value="home"/>
</definition>


<definition name="Merit_ResultGnrtn_tiles" extends="base.admin.definition">
<put-attribute name="title" value="Admin Home" />
<put-attribute name="body" value="/WEB-INF/pages/Officer/Course/Merit_ResultGnrtn.jsp" />
<put-attribute name="menuselection" value="home" />
</definition>

<definition name="ImportPartbdCompChance_tiles" extends="base.admin.definition">
<put-attribute name="title" value="Admin Home" />
<put-attribute name="body" value="/WEB-INF/pages/Officer/Transaction/insert/ImportPartbdCompChance.jsp" />
<put-attribute name="menuselection" value="home" />
</definition>


<definition name="DsscMarks_tiles" extends="base.admin.definition">
<put-attribute name="title" value="Admin Home" />
<put-attribute name="body" value="/WEB-INF/pages/Officer/Transaction/insert/DSSC_MARKS.jsp" />
<put-attribute name="menuselection" value="home" />
</definition>

<definition name="ImportDsscMarks_tiles" extends="base.admin.definition">
<put-attribute name="title" value="Admin Home" />
<put-attribute name="body" value="/WEB-INF/pages/Officer/Transaction/insert/ImportDsscMarks.jsp" />
<put-attribute name="menuselection" value="home" />
</definition>


<definition name="ImportCPV_tiles" extends="base.admin.definition">
<put-attribute name="title" value="Admin Home" />
<put-attribute name="body" value="/WEB-INF/pages/Officer/Transaction/insert/ImportCPVMarks.jsp" />
<put-attribute name="menuselection" value="home" />
</definition>


<definition name="CPV_tiles" extends="base.admin.definition">
<put-attribute name="title" value="Admin Home" />
<put-attribute name="body" value="/WEB-INF/pages/Officer/Transaction/search/SearchCPV.jsp" />
<put-attribute name="menuselection" value="home" />
</definition>

<definition name="EditCPV_tiles" extends="base.admin.definition">
<put-attribute name="title" value="Admin Home" />
<put-attribute name="body" value="/WEB-INF/pages/Officer/Transaction/edit/EditCPV.jsp" />
<put-attribute name="menuselection" value="home" />
</definition>

<definition name="ProcessResultDssc_tiles" extends="base.admin.definition">
<put-attribute name="title" value="Admin Home" />
<put-attribute name="body" value="/WEB-INF/pages/Officer/Other/Process_Result_DSSC.jsp" />
<put-attribute name="menuselection" value="home" />
</definition>


<definition name="EditDSSCMarks_tiles" extends="base.admin.definition">
<put-attribute name="title" value="Admin Home" />
<put-attribute name="body" value="/WEB-INF/pages/Officer/Transaction/edit/EditDSSCMarks.jsp" />
<put-attribute name="menuselection" value="home" />
</definition>


<definition name="DSSC_DSTSCReport_tiles" extends="base.admin.definition">
<put-attribute name="title" value="Admin Home" />
<put-attribute name="body" value="/WEB-INF/pages/Officer/Report/DSSC_DSTSCReport.jsp" />
<put-attribute name="menuselection" value="home" />
</definition>

<definition name="downloadAdmitSlipTile" extends="base.admin.definition">
<put-attribute name="title" value="Admin Home" />
<put-attribute name="body" value="/WEB-INF/pages/Officer/Registration/DownloadAdmitSlip.jsp" />
<put-attribute name="menuselection" value="home" />
</definition>

<definition name="MissingStcikerRptTiles" extends="base.admin.definition">
<put-attribute name="title" value="Admin Home" />
<put-attribute name="body" value="/WEB-INF/pages/Officer/barcode/Mising_sticker_report.jsp" />
<put-attribute name="menuselection" value="home" />
</definition>




<definition name="Index_OpeningTiles" extends="base.admin.definition">
<put-attribute name="title" value="Admin Home" />
<put-attribute name="body" value="/WEB-INF/pages/Officer/barcode/Index_Opening.jsp" />
<put-attribute name="menuselection" value="home" />
</definition>




<definition name="ReasonMasterTiles" extends="base.admin.definition">
<put-attribute name="title" value="Admin Home"/>
<put-attribute name="body" value="/WEB-INF/pages/Officer/Master/Reason_Master.jsp"/>
<put-attribute name="menuselection" value="home"/>
</definition>



<definition name="EditReasonMasterTiles" extends="base.admin.definition">
<put-attribute name="title" value="Admin Home"/>
<put-attribute name="body" value="/WEB-INF/pages/Officer/Master/EditReason_Master.jsp"/>
<put-attribute name="menuselection" value="home"/>
</definition>


<definition name="WithdrawalFormTiles" extends="base.admin.definition">
<put-attribute name="title" value="Admin Home"/>
<put-attribute name="body" value="/WEB-INF/pages/Officer/Transaction/insert/Withdrawal_Form.jsp"/>
<put-attribute name="menuselection" value="home"/>
</definition>

<definition name="UpgradationmeritTiles" extends="base.admin.definition">
<put-attribute name="title" value="Admin Home"/>
<put-attribute name="body" value="/WEB-INF/pages/Officer/Transaction/insert/Upgradation_merit_DSSC.jsp"/>
<put-attribute name="menuselection" value="home"/>
</definition>



<definition name="MeritlistreportTiles" extends="base.admin.definition">
<put-attribute name="title" value="Admin Home"/>
<put-attribute name="body" value="/WEB-INF/pages/Officer/office_DSSC_MeritRerport/Merit_list_DSSC.jsp"/>
<put-attribute name="menuselection" value="home"/>
</definition>


<definition name="IndexSlipExporttiles" extends="base.admin.definition">
<put-attribute name="title" value="Admin Home"/>
<put-attribute name="body" value="/WEB-INF/pages/Officer/barcode/exportRegisterIndexSlip.jsp"/>
<put-attribute name="menuselection" value="home"/>
</definition>

<definition name="EditPartB_marks_Question_tile" extends="base.admin.definition">
<put-attribute name="title" value="Admin Home" />
<put-attribute name="body" value="/WEB-INF/pages/Officer/Other/EditPartBmarks_Question.jsp" />
<put-attribute name="menuselection" value="home" />
</definition>

<definition name="Index_ClosingTiles" extends="base.admin.definition">
<put-attribute name="title" value="Admin Home" />
<put-attribute name="body" value="/WEB-INF/pages/Officer/barcode/Index_closing.jsp" />
<put-attribute name="menuselection" value="home" />
</definition>

<definition name="SubjectWiseSectionDetailsUpdate_tile" extends="base.admin.definition">
<put-attribute name="title" value="Admin Home" />
<put-attribute name="body" value="/WEB-INF/pages/Officer/barcode/SubjectWiseSectionDetailUpdate.jsp" />
<put-attribute name="menuselection" value="home" />
</definition>
</tiles-definitions>

